url,label,collected_at
http://croma-giveaway.live,1.0,2025-04-09 15:53:36
http://amazonsupport.tk,1.0,2025-04-09 15:53:36
http://myntrasupport.xyz,1.0,2025-04-09 15:53:36
http://jiomart-offers.live,1.0,2025-04-09 15:53:36
http://bigbaskethelpcenter.tk,1.0,2025-04-09 15:53:36
http://nykaa-discount.gq,1.0,2025-04-09 15:53:36
http://amazon-offers.cf,1.0,2025-04-09 15:53:36
http://nykaa-login.cf,1.0,2025-04-09 15:53:36
http://myntra-login.cf,1.0,2025-04-09 15:53:36
http://snapdealsupport.ml,1.0,2025-04-09 15:53:36
http://secure-bigbasket-pay.xyz,1.0,2025-04-09 15:53:36
http://tatacliqsupport.tk,1.0,2025-04-09 15:53:36
http://jiomartsupport.top,1.0,2025-04-09 15:53:36
http://flipkartsupport.gq,1.0,2025-04-09 15:53:36
http://croma-discount.xyz,1.0,2025-04-09 15:53:36
http://jiomart-offers.gq,1.0,2025-04-09 15:53:36
http://flipkart-giveaway.buzz,1.0,2025-04-09 15:53:36
http://secure-jiomart-pay.tk,1.0,2025-04-09 15:53:36
http://croma-discount.cf,1.0,2025-04-09 15:53:36
http://tatacliq-login.tk,1.0,2025-04-09 15:53:36
http://croma-offers.live,1.0,2025-04-09 15:53:36
http://nykaasupport.xyz,1.0,2025-04-09 15:53:36
http://myntrasupport.gq,1.0,2025-04-09 15:53:36
http://flipkart-offers.xyz,1.0,2025-04-09 15:53:36
http://myntrahelpcenter.xyz,1.0,2025-04-09 15:53:36
http://secure-snapdeal-pay.live,1.0,2025-04-09 15:53:36
http://croma-login.tk,1.0,2025-04-09 15:53:36
http://secure-jiomart-pay.gq,1.0,2025-04-09 15:53:36
http://amazon-login.tk,1.0,2025-04-09 15:53:36
http://tatacliq-offers.live,1.0,2025-04-09 15:53:36
http://snapdeal-giveaway.tk,1.0,2025-04-09 15:53:36
http://bigbaskethelpcenter.live,1.0,2025-04-09 15:53:36
http://jiomart-giveaway.tk,1.0,2025-04-09 15:53:36
http://amazonsupport.gq,1.0,2025-04-09 15:53:36
http://amazon-discount.ml,1.0,2025-04-09 15:53:36
http://croma-offers.top,1.0,2025-04-09 15:53:36
http://tatacliq-login.ml,1.0,2025-04-09 15:53:36
http://nykaa-giveaway.xyz,1.0,2025-04-09 15:53:36
http://croma-discount.tk,1.0,2025-04-09 15:53:36
http://myntra-offers.tk,1.0,2025-04-09 15:53:36
http://ajio-offers.ml,1.0,2025-04-09 15:53:36
http://flipkart-discount.xyz,1.0,2025-04-09 15:53:36
http://secure-myntra-pay.top,1.0,2025-04-09 15:53:36
http://tatacliq-discount.tk,1.0,2025-04-09 15:53:36
http://snapdeal-discount.top,1.0,2025-04-09 15:53:36
http://amazon-discount.tk,1.0,2025-04-09 15:53:36
http://secure-flipkart-pay.cf,1.0,2025-04-09 15:53:36
http://flipkart-discount.ml,1.0,2025-04-09 15:53:36
http://secure-nykaa-pay.xyz,1.0,2025-04-09 15:53:36
http://ajiohelpcenter.cf,1.0,2025-04-09 15:53:36
http://nykaasupport.top,1.0,2025-04-09 15:53:36
http://secure-myntra-pay.live,1.0,2025-04-09 15:53:36
http://jiomarthelpcenter.xyz,1.0,2025-04-09 15:53:36
http://croma-offers.buzz,1.0,2025-04-09 15:53:36
http://myntrahelpcenter.tk,1.0,2025-04-09 15:53:36
http://nykaa-login.ml,1.0,2025-04-09 15:53:36
http://jiomart-giveaway.gq,1.0,2025-04-09 15:53:36
http://ajiosupport.gq,1.0,2025-04-09 15:53:36
http://flipkarthelpcenter.cf,1.0,2025-04-09 15:53:36
http://nykaa-giveaway.top,1.0,2025-04-09 15:53:36
http://amazonhelpcenter.tk,1.0,2025-04-09 15:53:36
http://amazonsupport.cf,1.0,2025-04-09 15:53:36
http://flipkart-login.buzz,1.0,2025-04-09 15:53:36
http://myntra-offers.ml,1.0,2025-04-09 15:53:36
http://myntra-login.gq,1.0,2025-04-09 15:53:36
http://amazon-giveaway.gq,1.0,2025-04-09 15:53:36
http://flipkarthelpcenter.ml,1.0,2025-04-09 15:53:36
http://tatacliqhelpcenter.live,1.0,2025-04-09 15:53:36
http://amazon-login.xyz,1.0,2025-04-09 15:53:36
http://flipkarthelpcenter.xyz,1.0,2025-04-09 15:53:36
http://secure-croma-pay.live,1.0,2025-04-09 15:53:36
http://jiomart-giveaway.xyz,1.0,2025-04-09 15:53:36
http://ajio-login.gq,1.0,2025-04-09 15:53:36
http://secure-nykaa-pay.top,1.0,2025-04-09 15:53:36
http://secure-snapdeal-pay.buzz,1.0,2025-04-09 15:53:36
http://secure-croma-pay.ml,1.0,2025-04-09 15:53:36
http://jiomartsupport.live,1.0,2025-04-09 15:53:36
http://bigbasket-giveaway.cf,1.0,2025-04-09 15:53:36
http://flipkart-discount.gq,1.0,2025-04-09 15:53:36
http://ajio-giveaway.gq,1.0,2025-04-09 15:53:36
http://nykaa-discount.ml,1.0,2025-04-09 15:53:36
http://nykaa-giveaway.cf,1.0,2025-04-09 15:53:36
http://bigbasket-discount.live,1.0,2025-04-09 15:53:36
http://secure-jiomart-pay.xyz,1.0,2025-04-09 15:53:36
http://ajio-offers.tk,1.0,2025-04-09 15:53:36
http://croma-giveaway.gq,1.0,2025-04-09 15:53:36
http://jiomart-discount.xyz,1.0,2025-04-09 15:53:36
http://ajio-discount.tk,1.0,2025-04-09 15:53:36
http://secure-flipkart-pay.live,1.0,2025-04-09 15:53:36
http://jiomart-offers.cf,1.0,2025-04-09 15:53:36
http://flipkart-giveaway.top,1.0,2025-04-09 15:53:36
http://flipkart-offers.buzz,1.0,2025-04-09 15:53:36
http://tatacliq-login.top,1.0,2025-04-09 15:53:36
http://snapdeal-discount.live,1.0,2025-04-09 15:53:36
http://nykaa-giveaway.ml,1.0,2025-04-09 15:53:36
http://myntrahelpcenter.buzz,1.0,2025-04-09 15:53:36
http://bigbaskethelpcenter.gq,1.0,2025-04-09 15:53:36
http://croma-login.buzz,1.0,2025-04-09 15:53:36
http://myntra-giveaway.top,1.0,2025-04-09 15:53:36
http://nykaahelpcenter.xyz,1.0,2025-04-09 15:53:36
http://secure-flipkart-pay.xyz,1.0,2025-04-09 15:53:36
http://croma-discount.top,1.0,2025-04-09 15:53:36
http://myntra-discount.buzz,1.0,2025-04-09 15:53:36
http://cromahelpcenter.live,1.0,2025-04-09 15:53:36
http://nykaa-discount.buzz,1.0,2025-04-09 15:53:36
http://snapdeal-discount.tk,1.0,2025-04-09 15:53:36
http://snapdeal-offers.ml,1.0,2025-04-09 15:53:36
http://amazon-login.buzz,1.0,2025-04-09 15:53:36
http://jiomarthelpcenter.cf,1.0,2025-04-09 15:53:36
http://myntrahelpcenter.live,1.0,2025-04-09 15:53:36
http://jiomarthelpcenter.gq,1.0,2025-04-09 15:53:36
http://bigbasketsupport.top,1.0,2025-04-09 15:53:36
http://bigbasket-login.gq,1.0,2025-04-09 15:53:36
http://cromahelpcenter.cf,1.0,2025-04-09 15:53:36
http://secure-tatacliq-pay.live,1.0,2025-04-09 15:53:36
http://jiomarthelpcenter.ml,1.0,2025-04-09 15:53:36
http://ajio-login.tk,1.0,2025-04-09 15:53:36
http://flipkart-offers.ml,1.0,2025-04-09 15:53:36
http://jiomartsupport.xyz,1.0,2025-04-09 15:53:36
http://tatacliq-giveaway.gq,1.0,2025-04-09 15:53:36
http://nykaahelpcenter.cf,1.0,2025-04-09 15:53:36
http://amazon-login.cf,1.0,2025-04-09 15:53:36
http://secure-bigbasket-pay.ml,1.0,2025-04-09 15:53:36
http://jiomarthelpcenter.top,1.0,2025-04-09 15:53:36
http://jiomartsupport.buzz,1.0,2025-04-09 15:53:36
http://bigbasket-login.tk,1.0,2025-04-09 15:53:36
http://tatacliqsupport.xyz,1.0,2025-04-09 15:53:36
http://snapdealsupport.tk,1.0,2025-04-09 15:53:36
http://ajio-login.live,1.0,2025-04-09 15:53:36
http://jiomart-offers.tk,1.0,2025-04-09 15:53:36
http://snapdeal-discount.xyz,1.0,2025-04-09 15:53:36
http://cromasupport.live,1.0,2025-04-09 15:53:36
http://jiomart-login.gq,1.0,2025-04-09 15:53:36
http://secure-nykaa-pay.buzz,1.0,2025-04-09 15:53:36
http://jiomart-discount.ml,1.0,2025-04-09 15:53:36
http://amazon-giveaway.live,1.0,2025-04-09 15:53:36
http://myntrasupport.top,1.0,2025-04-09 15:53:36
http://myntrahelpcenter.ml,1.0,2025-04-09 15:53:36
http://myntra-giveaway.tk,1.0,2025-04-09 15:53:36
http://secure-snapdeal-pay.gq,1.0,2025-04-09 15:53:36
http://bigbasketsupport.xyz,1.0,2025-04-09 15:53:36
http://flipkart-giveaway.live,1.0,2025-04-09 15:53:36
http://croma-giveaway.buzz,1.0,2025-04-09 15:53:36
http://bigbasket-discount.gq,1.0,2025-04-09 15:53:36
http://amazonhelpcenter.gq,1.0,2025-04-09 15:53:36
http://bigbasket-offers.top,1.0,2025-04-09 15:53:36
http://flipkart-offers.cf,1.0,2025-04-09 15:53:36
http://cromasupport.tk,1.0,2025-04-09 15:53:36
http://flipkartsupport.buzz,1.0,2025-04-09 15:53:36
http://croma-discount.live,1.0,2025-04-09 15:53:36
http://secure-amazon-pay.xyz,1.0,2025-04-09 15:53:36
http://nykaa-login.top,1.0,2025-04-09 15:53:36
http://jiomartsupport.ml,1.0,2025-04-09 15:53:36
http://bigbasket-giveaway.ml,1.0,2025-04-09 15:53:36
http://cromasupport.buzz,1.0,2025-04-09 15:53:36
http://ajio-login.xyz,1.0,2025-04-09 15:53:36
http://bigbasket-discount.tk,1.0,2025-04-09 15:53:36
http://snapdeal-giveaway.live,1.0,2025-04-09 15:53:36
http://secure-ajio-pay.buzz,1.0,2025-04-09 15:53:36
http://ajio-login.cf,1.0,2025-04-09 15:53:36
http://croma-discount.gq,1.0,2025-04-09 15:53:36
http://cromasupport.top,1.0,2025-04-09 15:53:36
http://tatacliq-login.buzz,1.0,2025-04-09 15:53:36
http://bigbaskethelpcenter.top,1.0,2025-04-09 15:53:36
http://snapdeal-giveaway.top,1.0,2025-04-09 15:53:36
http://tatacliq-offers.top,1.0,2025-04-09 15:53:36
http://snapdeal-login.top,1.0,2025-04-09 15:53:36
http://amazonhelpcenter.xyz,1.0,2025-04-09 15:53:36
http://nykaa-login.buzz,1.0,2025-04-09 15:53:36
http://bigbasket-giveaway.gq,1.0,2025-04-09 15:53:36
http://nykaasupport.buzz,1.0,2025-04-09 15:53:36
http://secure-amazon-pay.live,1.0,2025-04-09 15:53:36
http://amazon-offers.buzz,1.0,2025-04-09 15:53:36
http://myntra-giveaway.gq,1.0,2025-04-09 15:53:36
http://tatacliqhelpcenter.tk,1.0,2025-04-09 15:53:36
http://snapdeal-discount.buzz,1.0,2025-04-09 15:53:36
http://flipkart-discount.live,1.0,2025-04-09 15:53:36
http://secure-jiomart-pay.top,1.0,2025-04-09 15:53:36
http://tatacliq-giveaway.buzz,1.0,2025-04-09 15:53:36
http://amazon-discount.buzz,1.0,2025-04-09 15:53:36
http://secure-bigbasket-pay.cf,1.0,2025-04-09 15:53:36
http://tatacliq-discount.cf,1.0,2025-04-09 15:53:36
http://myntrahelpcenter.gq,1.0,2025-04-09 15:53:36
http://secure-nykaa-pay.ml,1.0,2025-04-09 15:53:36
http://nykaa-offers.tk,1.0,2025-04-09 15:53:36
http://jiomart-discount.gq,1.0,2025-04-09 15:53:36
http://flipkartsupport.xyz,1.0,2025-04-09 15:53:36
http://snapdeal-giveaway.cf,1.0,2025-04-09 15:53:36
http://ajio-offers.top,1.0,2025-04-09 15:53:36
http://tatacliq-discount.live,1.0,2025-04-09 15:53:36
http://myntra-giveaway.xyz,1.0,2025-04-09 15:53:36
http://ajio-discount.xyz,1.0,2025-04-09 15:53:36
http://amazonsupport.buzz,1.0,2025-04-09 15:53:36
http://nykaasupport.ml,1.0,2025-04-09 15:53:36
http://secure-bigbasket-pay.tk,1.0,2025-04-09 15:53:36
http://snapdeal-login.live,1.0,2025-04-09 15:53:36
http://ajio-login.top,1.0,2025-04-09 15:53:36
http://secure-myntra-pay.tk,1.0,2025-04-09 15:53:36
http://jiomart-discount.buzz,1.0,2025-04-09 15:53:36
http://ajio-discount.buzz,1.0,2025-04-09 15:53:36
http://amazonhelpcenter.live,1.0,2025-04-09 15:53:36
http://jiomart-login.live,1.0,2025-04-09 15:53:36
http://tatacliqsupport.top,1.0,2025-04-09 15:53:36
http://tatacliq-giveaway.ml,1.0,2025-04-09 15:53:36
http://amazon-offers.xyz,1.0,2025-04-09 15:53:36
http://snapdealhelpcenter.gq,1.0,2025-04-09 15:53:36
http://amazon-login.live,1.0,2025-04-09 15:53:36
http://bigbasket-login.live,1.0,2025-04-09 15:53:36
http://snapdeal-offers.xyz,1.0,2025-04-09 15:53:36
http://nykaasupport.tk,1.0,2025-04-09 15:53:36
http://bigbasketsupport.gq,1.0,2025-04-09 15:53:36
http://ajio-giveaway.tk,1.0,2025-04-09 15:53:36
http://secure-flipkart-pay.top,1.0,2025-04-09 15:53:36
http://snapdealsupport.top,1.0,2025-04-09 15:53:36
http://snapdeal-login.xyz,1.0,2025-04-09 15:53:36
http://tatacliq-offers.xyz,1.0,2025-04-09 15:53:36
http://amazon-discount.xyz,1.0,2025-04-09 15:53:36
http://nykaasupport.live,1.0,2025-04-09 15:53:36
http://secure-tatacliq-pay.gq,1.0,2025-04-09 15:53:36
http://amazonsupport.xyz,1.0,2025-04-09 15:53:36
http://nykaa-discount.live,1.0,2025-04-09 15:53:36
http://secure-nykaa-pay.tk,1.0,2025-04-09 15:53:36
http://secure-tatacliq-pay.cf,1.0,2025-04-09 15:53:36
http://ajio-login.buzz,1.0,2025-04-09 15:53:36
http://jiomart-login.top,1.0,2025-04-09 15:53:36
http://secure-ajio-pay.cf,1.0,2025-04-09 15:53:36
http://secure-tatacliq-pay.buzz,1.0,2025-04-09 15:53:36
http://jiomart-discount.tk,1.0,2025-04-09 15:53:36
http://secure-bigbasket-pay.buzz,1.0,2025-04-09 15:53:36
http://amazon-giveaway.tk,1.0,2025-04-09 15:53:36
http://tatacliqhelpcenter.gq,1.0,2025-04-09 15:53:36
http://bigbasket-discount.buzz,1.0,2025-04-09 15:53:36
http://cromahelpcenter.tk,1.0,2025-04-09 15:53:36
http://snapdealsupport.gq,1.0,2025-04-09 15:53:36
http://flipkartsupport.ml,1.0,2025-04-09 15:53:36
http://bigbasketsupport.tk,1.0,2025-04-09 15:53:36
http://tatacliq-discount.top,1.0,2025-04-09 15:53:36
http://secure-jiomart-pay.buzz,1.0,2025-04-09 15:53:36
http://nykaa-login.live,1.0,2025-04-09 15:53:36
http://ajiosupport.xyz,1.0,2025-04-09 15:53:36
http://secure-myntra-pay.ml,1.0,2025-04-09 15:53:36
http://nykaa-offers.buzz,1.0,2025-04-09 15:53:36
http://jiomart-offers.top,1.0,2025-04-09 15:53:36
http://bigbasketsupport.live,1.0,2025-04-09 15:53:36
http://nykaa-giveaway.live,1.0,2025-04-09 15:53:36
http://croma-discount.buzz,1.0,2025-04-09 15:53:36
http://snapdealsupport.xyz,1.0,2025-04-09 15:53:36
http://secure-flipkart-pay.ml,1.0,2025-04-09 15:53:36
http://secure-myntra-pay.gq,1.0,2025-04-09 15:53:36
http://secure-flipkart-pay.buzz,1.0,2025-04-09 15:53:36
http://secure-amazon-pay.ml,1.0,2025-04-09 15:53:36
http://myntra-offers.cf,1.0,2025-04-09 15:53:36
http://croma-offers.ml,1.0,2025-04-09 15:53:36
http://amazon-giveaway.buzz,1.0,2025-04-09 15:53:36
http://tatacliqhelpcenter.top,1.0,2025-04-09 15:53:36
http://tatacliq-discount.buzz,1.0,2025-04-09 15:53:36
http://myntrasupport.ml,1.0,2025-04-09 15:53:36
http://myntrasupport.live,1.0,2025-04-09 15:53:36
http://jiomartsupport.gq,1.0,2025-04-09 15:53:36
http://ajiosupport.cf,1.0,2025-04-09 15:53:36
http://secure-croma-pay.buzz,1.0,2025-04-09 15:53:36
http://myntra-giveaway.ml,1.0,2025-04-09 15:53:36
http://flipkarthelpcenter.live,1.0,2025-04-09 15:53:36
http://cromahelpcenter.top,1.0,2025-04-09 15:53:36
http://ajio-giveaway.buzz,1.0,2025-04-09 15:53:36
http://amazon-giveaway.xyz,1.0,2025-04-09 15:53:36
http://jiomart-offers.buzz,1.0,2025-04-09 15:53:36
http://secure-ajio-pay.ml,1.0,2025-04-09 15:53:36
http://flipkartsupport.live,1.0,2025-04-09 15:53:36
http://jiomart-login.xyz,1.0,2025-04-09 15:53:36
http://croma-offers.gq,1.0,2025-04-09 15:53:36
http://jiomart-giveaway.cf,1.0,2025-04-09 15:53:36
http://amazon-discount.top,1.0,2025-04-09 15:53:36
http://ajiohelpcenter.xyz,1.0,2025-04-09 15:53:36
http://amazon-discount.cf,1.0,2025-04-09 15:53:36
http://jiomart-login.tk,1.0,2025-04-09 15:53:36
http://nykaa-giveaway.gq,1.0,2025-04-09 15:53:36
http://tatacliq-giveaway.xyz,1.0,2025-04-09 15:53:36
http://snapdeal-offers.buzz,1.0,2025-04-09 15:53:36
http://myntra-login.tk,1.0,2025-04-09 15:53:36
http://bigbaskethelpcenter.buzz,1.0,2025-04-09 15:53:36
http://nykaa-login.tk,1.0,2025-04-09 15:53:36
http://bigbasket-giveaway.live,1.0,2025-04-09 15:53:36
http://jiomart-discount.cf,1.0,2025-04-09 15:53:36
http://cromahelpcenter.buzz,1.0,2025-04-09 15:53:36
http://ajiohelpcenter.ml,1.0,2025-04-09 15:53:36
http://snapdeal-offers.top,1.0,2025-04-09 15:53:36
http://bigbasket-giveaway.top,1.0,2025-04-09 15:53:36
http://bigbasket-offers.xyz,1.0,2025-04-09 15:53:36
http://ajio-giveaway.xyz,1.0,2025-04-09 15:53:36
http://nykaa-discount.tk,1.0,2025-04-09 15:53:36
http://snapdealhelpcenter.top,1.0,2025-04-09 15:53:36
http://myntra-login.ml,1.0,2025-04-09 15:53:36
http://cromasupport.ml,1.0,2025-04-09 15:53:36
http://flipkart-login.live,1.0,2025-04-09 15:53:36
http://bigbasket-offers.buzz,1.0,2025-04-09 15:53:36
http://flipkartsupport.top,1.0,2025-04-09 15:53:36
http://snapdeal-giveaway.buzz,1.0,2025-04-09 15:53:36
http://amazonsupport.live,1.0,2025-04-09 15:53:36
http://secure-amazon-pay.buzz,1.0,2025-04-09 15:53:36
http://myntra-login.buzz,1.0,2025-04-09 15:53:36
http://nykaa-login.gq,1.0,2025-04-09 15:53:36
http://nykaa-offers.live,1.0,2025-04-09 15:53:36
http://ajio-offers.buzz,1.0,2025-04-09 15:53:36
http://amazonsupport.top,1.0,2025-04-09 15:53:36
http://bigbasket-discount.xyz,1.0,2025-04-09 15:53:36
http://ajiosupport.live,1.0,2025-04-09 15:53:36
http://ajiohelpcenter.live,1.0,2025-04-09 15:53:36
http://ajio-discount.top,1.0,2025-04-09 15:53:36
http://secure-ajio-pay.gq,1.0,2025-04-09 15:53:36
http://secure-bigbasket-pay.live,1.0,2025-04-09 15:53:36
http://bigbaskethelpcenter.ml,1.0,2025-04-09 15:53:36
http://jiomarthelpcenter.buzz,1.0,2025-04-09 15:53:36
http://jiomart-giveaway.ml,1.0,2025-04-09 15:53:36
http://secure-ajio-pay.tk,1.0,2025-04-09 15:53:36
http://nykaa-discount.cf,1.0,2025-04-09 15:53:36
http://myntrahelpcenter.cf,1.0,2025-04-09 15:53:36
http://tatacliq-giveaway.top,1.0,2025-04-09 15:53:36
http://croma-login.cf,1.0,2025-04-09 15:53:36
http://bigbasket-login.ml,1.0,2025-04-09 15:53:36
http://myntra-offers.top,1.0,2025-04-09 15:53:36
http://bigbasket-giveaway.buzz,1.0,2025-04-09 15:53:36
http://secure-flipkart-pay.tk,1.0,2025-04-09 15:53:36
http://bigbaskethelpcenter.xyz,1.0,2025-04-09 15:53:36
http://flipkart-giveaway.gq,1.0,2025-04-09 15:53:36
http://nykaa-offers.cf,1.0,2025-04-09 15:53:36
http://tatacliqsupport.live,1.0,2025-04-09 15:53:36
http://ajiosupport.tk,1.0,2025-04-09 15:53:36
http://bigbasket-giveaway.xyz,1.0,2025-04-09 15:53:36
http://nykaasupport.gq,1.0,2025-04-09 15:53:36
http://secure-snapdeal-pay.top,1.0,2025-04-09 15:53:36
http://flipkart-discount.cf,1.0,2025-04-09 15:53:36
http://tatacliqhelpcenter.xyz,1.0,2025-04-09 15:53:36
http://croma-login.gq,1.0,2025-04-09 15:53:36
http://cromahelpcenter.xyz,1.0,2025-04-09 15:53:36
http://tatacliq-discount.xyz,1.0,2025-04-09 15:53:36
http://myntra-giveaway.buzz,1.0,2025-04-09 15:53:36
http://ajio-giveaway.live,1.0,2025-04-09 15:53:36
http://ajio-login.ml,1.0,2025-04-09 15:53:36
http://secure-ajio-pay.xyz,1.0,2025-04-09 15:53:36
http://amazon-giveaway.cf,1.0,2025-04-09 15:53:36
http://flipkart-login.xyz,1.0,2025-04-09 15:53:36
http://flipkart-login.cf,1.0,2025-04-09 15:53:36
http://croma-discount.ml,1.0,2025-04-09 15:53:36
http://jiomart-giveaway.live,1.0,2025-04-09 15:53:36
http://myntra-login.top,1.0,2025-04-09 15:53:36
http://ajio-discount.gq,1.0,2025-04-09 15:53:36
http://snapdeal-login.ml,1.0,2025-04-09 15:53:36
http://ajiohelpcenter.gq,1.0,2025-04-09 15:53:36
http://myntrahelpcenter.top,1.0,2025-04-09 15:53:36
http://secure-flipkart-pay.gq,1.0,2025-04-09 15:53:36
http://snapdealhelpcenter.ml,1.0,2025-04-09 15:53:36
http://tatacliq-offers.gq,1.0,2025-04-09 15:53:36
http://myntra-offers.buzz,1.0,2025-04-09 15:53:36
http://snapdeal-discount.ml,1.0,2025-04-09 15:53:36
http://snapdealsupport.live,1.0,2025-04-09 15:53:36
http://snapdealhelpcenter.xyz,1.0,2025-04-09 15:53:36
http://flipkartsupport.cf,1.0,2025-04-09 15:53:36
http://croma-giveaway.top,1.0,2025-04-09 15:53:36
http://snapdealsupport.cf,1.0,2025-04-09 15:53:36
http://nykaa-offers.gq,1.0,2025-04-09 15:53:36
http://croma-offers.cf,1.0,2025-04-09 15:53:36
http://amazonsupport.ml,1.0,2025-04-09 15:53:36
http://myntra-offers.xyz,1.0,2025-04-09 15:53:36
http://amazon-login.top,1.0,2025-04-09 15:53:36
http://amazon-offers.top,1.0,2025-04-09 15:53:36
http://snapdealsupport.buzz,1.0,2025-04-09 15:53:36
http://nykaasupport.cf,1.0,2025-04-09 15:53:36
http://bigbasketsupport.ml,1.0,2025-04-09 15:53:36
http://snapdeal-giveaway.gq,1.0,2025-04-09 15:53:36
http://amazon-login.ml,1.0,2025-04-09 15:53:36
http://myntra-login.live,1.0,2025-04-09 15:53:36
http://ajio-discount.ml,1.0,2025-04-09 15:53:36
http://croma-login.xyz,1.0,2025-04-09 15:53:36
http://croma-giveaway.ml,1.0,2025-04-09 15:53:36
http://bigbasket-login.cf,1.0,2025-04-09 15:53:36
http://tatacliq-giveaway.tk,1.0,2025-04-09 15:53:36
http://secure-jiomart-pay.live,1.0,2025-04-09 15:53:36
http://tatacliqsupport.cf,1.0,2025-04-09 15:53:36
http://snapdeal-offers.gq,1.0,2025-04-09 15:53:36
http://ajio-offers.xyz,1.0,2025-04-09 15:53:36
http://bigbasket-offers.tk,1.0,2025-04-09 15:53:36
http://jiomart-discount.top,1.0,2025-04-09 15:53:36
http://secure-croma-pay.cf,1.0,2025-04-09 15:53:36
http://snapdeal-discount.cf,1.0,2025-04-09 15:53:36
http://bigbasket-offers.live,1.0,2025-04-09 15:53:36
http://tatacliqhelpcenter.buzz,1.0,2025-04-09 15:53:36
http://snapdeal-offers.cf,1.0,2025-04-09 15:53:36
http://snapdeal-offers.live,1.0,2025-04-09 15:53:36
http://ajio-offers.gq,1.0,2025-04-09 15:53:36
http://snapdeal-giveaway.ml,1.0,2025-04-09 15:53:36
http://flipkart-offers.live,1.0,2025-04-09 15:53:36
http://flipkart-giveaway.xyz,1.0,2025-04-09 15:53:36
http://flipkarthelpcenter.tk,1.0,2025-04-09 15:53:36
http://croma-offers.tk,1.0,2025-04-09 15:53:36
http://tatacliq-discount.ml,1.0,2025-04-09 15:53:36
http://nykaa-giveaway.buzz,1.0,2025-04-09 15:53:36
http://bigbasket-offers.ml,1.0,2025-04-09 15:53:36
http://ajio-discount.cf,1.0,2025-04-09 15:53:36
http://flipkarthelpcenter.top,1.0,2025-04-09 15:53:36
http://bigbasket-giveaway.tk,1.0,2025-04-09 15:53:36
http://secure-croma-pay.xyz,1.0,2025-04-09 15:53:36
http://nykaahelpcenter.gq,1.0,2025-04-09 15:53:36
http://myntrasupport.cf,1.0,2025-04-09 15:53:36
http://myntra-discount.top,1.0,2025-04-09 15:53:36
http://bigbasket-offers.cf,1.0,2025-04-09 15:53:36
http://snapdeal-login.tk,1.0,2025-04-09 15:53:36
http://nykaa-login.xyz,1.0,2025-04-09 15:53:36
http://nykaahelpcenter.buzz,1.0,2025-04-09 15:53:36
http://amazonhelpcenter.buzz,1.0,2025-04-09 15:53:36
http://myntra-offers.gq,1.0,2025-04-09 15:53:36
http://secure-tatacliq-pay.ml,1.0,2025-04-09 15:53:36
http://bigbasket-login.top,1.0,2025-04-09 15:53:36
http://ajio-offers.live,1.0,2025-04-09 15:53:36
http://secure-snapdeal-pay.xyz,1.0,2025-04-09 15:53:36
http://tatacliq-login.cf,1.0,2025-04-09 15:53:36
http://snapdeal-giveaway.xyz,1.0,2025-04-09 15:53:36
http://amazonhelpcenter.cf,1.0,2025-04-09 15:53:36
http://ajiosupport.ml,1.0,2025-04-09 15:53:36
http://ajio-discount.live,1.0,2025-04-09 15:53:36
http://flipkartsupport.tk,1.0,2025-04-09 15:53:36
http://bigbasket-discount.cf,1.0,2025-04-09 15:53:36
http://secure-ajio-pay.live,1.0,2025-04-09 15:53:36
http://flipkart-login.top,1.0,2025-04-09 15:53:36
http://jiomart-login.buzz,1.0,2025-04-09 15:53:36
http://snapdeal-login.cf,1.0,2025-04-09 15:53:36
http://amazonhelpcenter.ml,1.0,2025-04-09 15:53:36
http://secure-snapdeal-pay.cf,1.0,2025-04-09 15:53:36
http://amazon-giveaway.ml,1.0,2025-04-09 15:53:36
http://cromahelpcenter.gq,1.0,2025-04-09 15:53:36
http://cromasupport.xyz,1.0,2025-04-09 15:53:36
http://myntra-giveaway.cf,1.0,2025-04-09 15:53:36
http://myntra-discount.xyz,1.0,2025-04-09 15:53:36
http://tatacliq-login.live,1.0,2025-04-09 15:53:36
http://myntrasupport.tk,1.0,2025-04-09 15:53:36
http://bigbasket-login.buzz,1.0,2025-04-09 15:53:36
http://bigbasket-discount.top,1.0,2025-04-09 15:53:36
http://bigbaskethelpcenter.cf,1.0,2025-04-09 15:53:36
http://snapdeal-login.gq,1.0,2025-04-09 15:53:36
http://amazon-discount.gq,1.0,2025-04-09 15:53:36
http://tatacliq-giveaway.cf,1.0,2025-04-09 15:53:36
http://secure-croma-pay.tk,1.0,2025-04-09 15:53:36
http://jiomart-offers.xyz,1.0,2025-04-09 15:53:36
http://snapdealhelpcenter.buzz,1.0,2025-04-09 15:53:36
http://ajiosupport.buzz,1.0,2025-04-09 15:53:36
http://secure-tatacliq-pay.tk,1.0,2025-04-09 15:53:36
http://secure-bigbasket-pay.top,1.0,2025-04-09 15:53:36
http://flipkart-giveaway.cf,1.0,2025-04-09 15:53:36
http://bigbasket-login.xyz,1.0,2025-04-09 15:53:36
http://nykaa-discount.top,1.0,2025-04-09 15:53:36
http://flipkarthelpcenter.gq,1.0,2025-04-09 15:53:36
http://flipkart-discount.buzz,1.0,2025-04-09 15:53:36
http://flipkart-discount.top,1.0,2025-04-09 15:53:36
http://myntra-discount.ml,1.0,2025-04-09 15:53:36
http://ajio-giveaway.cf,1.0,2025-04-09 15:53:36
http://tatacliq-login.xyz,1.0,2025-04-09 15:53:36
http://myntrasupport.buzz,1.0,2025-04-09 15:53:36
http://tatacliqsupport.gq,1.0,2025-04-09 15:53:36
http://secure-myntra-pay.xyz,1.0,2025-04-09 15:53:36
http://nykaa-offers.top,1.0,2025-04-09 15:53:36
http://amazon-offers.tk,1.0,2025-04-09 15:53:36
http://secure-tatacliq-pay.top,1.0,2025-04-09 15:53:36
http://croma-giveaway.tk,1.0,2025-04-09 15:53:36
http://secure-amazon-pay.gq,1.0,2025-04-09 15:53:36
http://ajiohelpcenter.buzz,1.0,2025-04-09 15:53:36
http://amazon-offers.live,1.0,2025-04-09 15:53:36
http://nykaa-offers.ml,1.0,2025-04-09 15:53:36
http://ajiohelpcenter.top,1.0,2025-04-09 15:53:36
http://ajio-giveaway.ml,1.0,2025-04-09 15:53:36
http://bigbasketsupport.cf,1.0,2025-04-09 15:53:36
http://flipkart-login-offer.tk/,,
http://flipkart-bigdiscount.com/,,
http://example.com/flipkart-login-offer-deals-secure-update/,,
http://paypal-verifyaccount.xyz/,,
http://example.com/paypal-verifyaccount.xyz/login,,
http://uidai-verify-login.com/,,
https://www.paypal-support.com/login,,
https://www.amazon.in/,,
http://secure-amazon.in.login-update.verify-user.com/,,
https://www.flipkart.com/,,
http://chrome://newtab/,,
